CODMUNRES,total_mortes,n_brancos,n_preta,n_amarela,n_parda,n_indigina,n_sem_instrucao,n_fundI,n_fundII,n_medio,n_sup_incompleto,n_sup,n_ignorado
110009,1,0,0,0,1,0,0,0,1,0,0,0,0
110011,1,0,0,0,1,0,0,0,1,0,0,0,0
110012,1,0,0,0,1,0,0,0,0,0,0,0,1
110020,4,1,0,0,3,0,0,0,1,1,0,1,1
110030,1,1,0,0,0,0,0,0,0,0,0,1,0
110034,1,1,0,0,0,0,0,1,0,0,0,0,0
110045,1,1,0,0,0,0,0,1,0,0,0,0,0
120030,1,0,0,0,1,0,0,0,0,1,0,0,0
120040,6,1,0,0,5,0,NA,NA,NA,NA,NA,NA,NA
120045,1,0,0,0,1,0,0,0,1,0,0,0,0
120060,1,0,0,0,0,1,0,0,0,1,0,0,0
130010,1,0,0,0,1,0,0,0,0,1,0,0,0
130020,1,0,0,0,0,1,0,1,0,0,0,0,0
130063,1,0,0,0,1,0,0,1,0,0,0,0,0
130068,1,0,0,0,1,0,0,0,0,1,0,0,0
130080,1,0,0,0,1,0,0,0,1,0,0,0,0
130090,1,0,0,0,1,0,NA,NA,NA,NA,NA,NA,NA
130100,1,1,0,0,0,0,0,0,1,0,0,0,0
130120,3,0,0,0,3,0,NA,NA,NA,NA,NA,NA,NA
130160,1,0,0,0,1,0,0,0,1,0,0,0,0
130165,1,0,0,0,1,0,1,0,0,0,0,0,0
130185,1,0,0,0,1,0,0,0,0,1,0,0,0
130250,3,0,0,0,3,0,0,1,1,0,0,1,0
130260,37,5,2,0,30,0,0,6,8,15,4,4,0
130290,4,2,0,0,1,1,1,1,1,1,0,0,0
130310,1,0,0,0,1,0,0,0,1,0,0,0,0
130330,4,0,0,0,4,0,0,0,0,4,0,0,0
130340,2,1,0,0,1,0,0,0,1,0,1,0,0
130350,1,0,0,0,1,0,1,0,0,0,0,0,0
130380,3,0,0,0,0,3,0,1,1,1,0,0,0
130390,1,0,0,0,1,0,0,0,0,1,0,0,0
130406,2,0,0,0,1,1,0,0,2,0,0,0,0
140005,1,0,0,0,0,1,1,0,0,0,0,0,0
140010,6,2,0,0,3,1,NA,NA,NA,NA,NA,NA,NA
140040,2,0,0,0,1,1,0,0,0,1,0,0,1
140047,1,0,0,0,0,1,NA,NA,NA,NA,NA,NA,NA
150010,4,1,0,0,3,0,0,0,2,2,0,0,0
150020,1,0,0,0,1,0,0,0,1,0,0,0,0
150030,1,0,1,0,0,0,0,0,0,0,0,0,1
150040,1,0,0,0,1,0,0,1,0,0,0,0,0
150080,6,1,0,0,5,0,0,0,2,4,0,0,0
150095,1,0,0,0,1,0,0,0,0,0,0,0,1
150110,1,0,0,0,1,0,0,0,0,0,0,0,1
150120,1,0,0,0,1,0,0,0,0,0,0,1,0
150130,3,2,0,0,1,0,0,2,0,1,0,0,0
150140,15,2,1,0,12,0,0,2,2,10,0,1,0
150145,2,0,0,0,2,0,0,1,1,0,0,0,0
150170,2,0,0,0,2,0,0,2,0,0,0,0,0
150175,1,0,0,0,1,0,1,0,0,0,0,0,0
150178,2,0,0,0,2,0,0,1,1,0,0,0,0
150180,1,0,0,0,1,0,0,0,0,0,0,0,1
150190,1,0,1,0,0,0,0,0,0,1,0,0,0
150195,1,0,0,0,1,0,0,0,0,1,0,0,0
150210,3,2,0,0,1,0,0,0,3,0,0,0,0
150215,1,0,0,0,1,0,0,0,1,0,0,0,0
150230,3,1,0,0,2,0,0,1,1,1,0,0,0
150240,2,1,0,0,1,0,0,0,1,0,1,0,0
150250,1,0,0,0,1,0,0,0,0,1,0,0,0
150270,1,0,0,0,1,0,0,0,0,0,1,0,0
150277,1,1,0,0,0,0,0,0,0,1,0,0,0
150290,1,0,0,0,1,0,0,0,1,0,0,0,0
150293,1,0,0,0,1,0,0,0,1,0,0,0,0
150320,1,0,0,0,1,0,0,0,0,0,0,0,1
150330,2,0,0,0,2,0,0,1,0,1,0,0,0
150360,2,0,0,0,2,0,0,0,0,2,0,0,0
150370,1,0,0,0,1,0,0,0,1,0,0,0,0
150390,1,0,0,0,1,0,0,1,0,0,0,0,0
150420,4,0,0,0,4,0,1,1,1,0,0,0,1
150440,1,0,0,0,1,0,0,0,1,0,0,0,0
150442,2,0,0,0,2,0,0,0,1,1,0,0,0
150445,1,0,0,0,1,0,0,0,0,1,0,0,0
150480,1,0,0,0,1,0,0,0,1,0,0,0,0
150490,1,0,0,0,1,0,0,0,1,0,0,0,0
150506,1,0,0,0,1,0,0,0,0,0,1,0,0
150510,1,0,0,0,1,0,1,0,0,0,0,0,0
150520,1,0,0,0,1,0,0,0,1,0,0,0,0
150543,1,0,0,0,1,0,0,0,1,0,0,0,0
150548,1,0,0,0,1,0,0,0,0,1,0,0,0
150550,1,0,0,0,1,0,0,0,1,0,0,0,0
150553,1,NA,NA,NA,NA,NA,0,0,1,0,0,0,0
150555,1,0,0,0,0,1,0,1,0,0,0,0,0
150570,1,0,0,0,1,0,0,0,1,0,0,0,0
150580,1,0,0,0,1,0,0,1,0,0,0,0,0
150610,1,0,0,0,1,0,0,1,0,0,0,0,0
150618,1,0,0,0,1,0,0,0,0,1,0,0,0
150650,1,0,0,0,1,0,0,0,0,1,0,0,0
150658,1,0,0,0,1,0,0,0,0,1,0,0,0
150680,9,2,0,0,7,0,0,2,2,5,0,0,0
150745,1,0,0,0,1,0,0,1,0,0,0,0,0
150770,1,0,0,0,1,0,0,0,1,0,0,0,0
150795,3,2,1,0,0,0,0,0,0,2,0,0,1
150800,1,0,0,0,1,0,0,0,0,1,0,0,0
150810,1,0,0,0,1,0,0,0,1,0,0,0,0
150815,1,0,0,0,1,0,0,0,0,1,0,0,0
150830,1,0,0,0,1,0,0,1,0,0,0,0,0
150840,1,0,0,0,1,0,0,0,0,0,0,1,0
160021,1,0,0,0,1,0,NA,NA,NA,NA,NA,NA,NA
160027,1,0,0,0,1,0,0,0,0,1,0,0,0
160030,9,2,0,0,7,0,NA,NA,NA,NA,NA,NA,NA
160040,1,0,0,0,1,0,0,0,0,1,0,0,0
160053,1,0,0,0,1,0,1,0,0,0,0,0,0
160055,1,0,0,0,1,0,NA,NA,NA,NA,NA,NA,NA
170035,1,0,0,0,1,0,0,1,0,0,0,0,0
170040,1,0,1,0,0,0,0,0,1,0,0,0,0
170210,1,0,0,0,1,0,0,0,1,0,0,0,0
170290,1,0,0,0,1,0,0,0,0,1,0,0,0
170950,1,0,0,0,1,0,0,0,1,0,0,0,0
171820,2,1,0,0,1,0,0,0,1,1,0,0,0
172025,1,1,0,0,0,0,0,0,0,1,0,0,0
210005,3,1,0,0,2,0,0,1,2,0,0,0,0
210030,1,0,0,0,1,0,NA,NA,NA,NA,NA,NA,NA
210060,1,0,0,0,0,1,0,1,0,0,0,0,0
210087,1,0,1,0,0,0,0,0,1,0,0,0,0
210095,1,0,0,0,1,0,0,0,1,0,0,0,0
210120,3,1,0,0,2,0,0,0,2,1,0,0,0
210160,3,1,0,0,2,0,0,2,0,1,0,0,0
210170,1,0,0,0,1,0,0,1,0,0,0,0,0
210200,1,0,0,0,0,1,0,0,1,0,0,0,0
210203,1,0,0,0,1,0,0,0,1,0,0,0,0
210232,2,0,0,0,2,0,0,0,1,1,0,0,0
210300,2,0,0,0,2,0,0,1,1,0,0,0,0
210310,1,0,0,0,1,0,0,0,0,1,0,0,0
210320,4,0,0,0,4,0,NA,NA,NA,NA,NA,NA,NA
210330,2,1,0,0,1,0,0,0,2,0,0,0,0
210340,1,0,0,0,1,0,0,0,1,0,0,0,0
210350,1,0,1,0,0,0,0,0,0,1,0,0,0
210405,1,0,0,0,1,0,0,1,0,0,0,0,0
210420,1,0,0,0,1,0,0,1,0,0,0,0,0
210480,4,0,1,0,2,1,0,1,1,2,0,0,0
210510,1,0,0,0,1,0,0,1,0,0,0,0,0
210530,3,0,0,0,3,0,0,0,1,2,0,0,0
210547,1,0,0,0,0,1,0,0,0,0,0,0,1
210550,1,0,0,0,1,0,0,0,0,1,0,0,0
210560,1,0,0,0,1,0,0,0,0,0,0,1,0
210570,1,0,0,0,1,0,0,0,1,0,0,0,0
210594,2,0,0,0,2,0,0,1,1,0,0,0,0
210620,1,0,0,0,1,0,0,0,0,1,0,0,0
210630,1,0,0,0,1,0,1,0,0,0,0,0,0
210632,1,0,0,0,1,0,0,0,0,1,0,0,0
210635,1,0,1,0,0,0,1,0,0,0,0,0,0
210650,1,0,0,0,1,0,0,0,0,1,0,0,0
210675,1,0,0,0,1,0,0,0,0,0,0,0,1
210730,1,0,0,0,1,0,0,0,1,0,0,0,0
210735,1,0,0,0,1,0,0,1,0,0,0,0,0
210750,2,0,1,0,1,0,NA,NA,NA,NA,NA,NA,NA
210780,2,0,1,0,1,0,0,1,1,0,0,0,0
210830,1,0,0,0,1,0,0,0,0,1,0,0,0
210840,1,0,0,0,1,0,0,0,0,0,0,0,1
210845,1,0,0,0,1,0,0,1,0,0,0,0,0
210850,2,0,0,0,2,0,0,1,0,0,0,1,0
210860,2,1,0,0,1,0,0,0,0,2,0,0,0
210880,1,0,0,0,1,0,0,0,0,1,0,0,0
210910,2,1,0,0,1,0,0,0,0,2,0,0,0
210930,2,0,1,0,1,0,0,0,0,1,0,0,1
210980,2,0,1,0,1,0,0,0,0,2,0,0,0
210990,1,0,0,0,1,0,0,0,1,0,0,0,0
211020,1,0,0,0,1,0,0,0,0,1,0,0,0
211105,1,0,0,0,1,0,0,0,0,1,0,0,0
211120,2,0,2,0,0,0,0,1,0,1,0,0,0
211130,9,0,2,0,7,0,0,1,2,3,0,3,0
211157,1,0,0,0,1,0,0,1,0,0,0,0,0
211220,1,0,0,0,1,0,0,0,1,0,0,0,0
211223,1,0,0,0,1,0,0,0,0,1,0,0,0
211230,1,0,0,0,1,0,0,0,0,1,0,0,0
211280,1,0,1,0,0,0,0,0,0,1,0,0,0
211290,1,0,0,0,1,0,0,0,0,1,0,0,0
211300,1,0,0,0,1,0,0,0,0,0,0,0,1
220040,1,0,0,0,1,0,0,0,1,0,0,0,0
220160,1,0,0,0,1,0,0,0,1,0,0,0,0
220170,1,0,0,0,1,0,0,0,1,0,0,0,0
220200,1,NA,NA,NA,NA,NA,1,0,0,0,0,0,0
220220,2,0,0,0,2,0,NA,NA,NA,NA,NA,NA,NA
220230,1,0,0,0,1,0,0,0,0,1,0,0,0
220300,1,0,1,0,0,0,0,0,1,0,0,0,0
220370,2,0,0,0,2,0,0,1,1,0,0,0,0
220390,2,0,0,0,2,0,0,0,0,1,0,1,0
220470,1,0,0,0,1,0,0,0,1,0,0,0,0
220527,1,0,0,0,1,0,0,0,0,1,0,0,0
220540,1,0,0,0,1,0,0,0,1,0,0,0,0
220550,1,0,0,0,1,0,0,1,0,0,0,0,0
220553,1,0,0,0,1,0,0,0,1,0,0,0,0
220620,1,0,0,0,1,0,0,1,0,0,0,0,0
220650,1,0,0,0,1,0,0,1,0,0,0,0,0
220680,1,0,0,0,1,0,0,1,0,0,0,0,0
220700,2,0,1,0,1,0,0,0,2,0,0,0,0
220750,1,0,0,0,1,0,0,1,0,0,0,0,0
220770,3,0,0,0,3,0,0,0,1,1,0,0,1
220790,2,0,0,0,2,0,0,0,1,1,0,0,0
220800,1,1,0,0,0,0,0,0,0,1,0,0,0
220840,1,0,0,0,1,0,0,1,0,0,0,0,0
220890,1,1,0,0,0,0,0,0,0,0,0,1,0
220940,1,0,0,0,1,0,1,0,0,0,0,0,0
221040,1,0,0,0,1,0,0,1,0,0,0,0,0
221050,1,0,1,0,0,0,0,0,0,1,0,0,0
221080,1,0,0,0,1,0,0,0,1,0,0,0,0
221100,5,0,0,0,5,0,0,0,2,1,0,0,2
221120,1,1,0,0,0,0,0,0,0,0,0,1,0
221130,1,0,0,0,1,0,0,0,1,0,0,0,0
230030,2,1,0,0,1,0,0,1,1,0,0,0,0
230075,1,1,0,0,0,0,0,1,0,0,0,0,0
230100,1,0,0,0,1,0,0,0,1,0,0,0,0
230130,1,0,0,0,1,0,0,1,0,0,0,0,0
230150,1,0,0,0,1,0,0,0,0,1,0,0,0
230185,1,0,0,0,1,0,0,0,0,0,0,1,0
230190,2,0,0,0,2,0,0,0,0,0,0,1,1
230210,1,0,0,0,1,0,0,0,1,0,0,0,0
230230,1,0,0,0,1,0,0,0,0,1,0,0,0
230260,2,0,0,0,2,0,0,1,1,0,0,0,0
230270,1,0,0,0,1,0,0,0,1,0,0,0,0
230290,1,0,0,0,1,0,0,0,0,1,0,0,0
230310,1,0,0,0,1,0,0,0,0,1,0,0,0
230320,1,1,0,0,0,0,0,0,0,1,0,0,0
230350,1,0,0,0,1,0,0,0,1,0,0,0,0
230370,6,0,0,0,6,0,0,1,1,4,0,0,0
230380,1,0,0,0,1,0,0,0,1,0,0,0,0
230390,1,0,0,0,1,0,0,1,0,0,0,0,0
230420,1,0,0,0,1,0,0,0,0,0,0,1,0
230423,1,1,0,0,0,0,0,0,1,0,0,0,0
230426,1,1,0,0,0,0,0,0,0,0,0,1,0
230428,1,0,0,0,1,0,0,0,1,0,0,0,0
230435,1,0,0,0,1,0,0,0,1,0,0,0,0
230440,11,2,0,0,9,0,0,0,3,6,0,2,0
230470,1,0,0,0,1,0,0,0,1,0,0,0,0
230495,2,0,0,0,2,0,0,1,0,1,0,0,0
230523,1,0,0,0,1,0,0,0,1,0,0,0,0
230550,2,0,0,0,2,0,0,2,0,0,0,0,0
230580,1,0,0,0,1,0,0,0,1,0,0,0,0
230590,1,0,0,0,1,0,0,0,0,1,0,0,0
230625,1,0,0,0,1,0,0,0,0,1,0,0,0
230640,2,0,0,0,2,0,0,0,1,1,0,0,0
230650,1,1,0,0,0,0,0,0,0,1,0,0,0
230700,1,0,0,0,1,0,0,0,0,1,0,0,0
230730,4,1,1,0,2,0,0,1,2,1,0,0,0
230760,2,0,0,0,2,0,0,0,1,0,0,1,0
230765,4,1,0,0,3,0,0,1,1,2,0,0,0
230770,1,0,0,0,1,0,0,0,0,1,0,0,0
230800,1,NA,NA,NA,NA,NA,0,0,1,0,0,0,0
230810,1,0,0,0,1,0,0,0,1,0,0,0,0
230820,2,0,0,0,2,0,0,1,0,0,0,1,0
230840,1,0,0,0,1,0,0,0,1,0,0,0,0
230870,1,0,0,0,1,0,0,0,1,0,0,0,0
230880,1,0,0,0,1,0,0,0,0,1,0,0,0
231020,1,1,0,0,0,0,0,0,0,1,0,0,0
231050,1,1,0,0,0,0,0,0,0,1,0,0,0
231126,1,0,0,0,1,0,0,0,1,0,0,0,0
231130,1,1,0,0,0,0,0,0,0,0,0,1,0
231170,1,0,0,0,1,0,0,0,1,0,0,0,0
231180,1,0,1,0,0,0,0,0,0,0,0,0,1
231200,1,0,0,0,1,0,0,0,0,1,0,0,0
231240,1,1,0,0,0,0,0,0,0,1,0,0,0
231270,2,1,0,0,1,0,0,0,0,1,0,1,0
231290,2,0,1,0,1,0,0,0,0,2,0,0,0
231325,1,0,0,0,1,0,0,0,1,0,0,0,0
231350,1,1,0,0,0,0,0,0,1,0,0,0,0
231380,2,0,0,0,2,0,1,0,0,1,0,0,0
231390,1,0,0,0,1,0,0,0,1,0,0,0,0
240020,1,1,0,0,0,0,0,0,0,0,1,0,0
240080,1,1,0,0,0,0,0,0,1,0,0,0,0
240190,1,0,0,0,1,0,0,1,0,0,0,0,0
240260,3,NA,NA,NA,NA,NA,0,2,0,1,0,0,0
240310,1,0,0,0,1,0,0,0,1,0,0,0,0
240360,1,0,0,0,1,0,0,0,0,1,0,0,0
240420,1,1,0,0,0,0,0,0,0,1,0,0,0
240650,1,0,0,0,1,0,0,0,0,0,1,0,0
240700,1,0,0,0,1,0,0,1,0,0,0,0,0
240800,2,2,0,0,0,0,0,0,0,1,1,0,0
240810,6,NA,NA,NA,NA,NA,NA,NA,NA,NA,NA,NA,NA
240950,1,0,0,0,1,0,0,0,1,0,0,0,0
241000,1,1,0,0,0,0,0,0,0,1,0,0,0
241050,1,0,0,0,1,0,0,1,0,0,0,0,0
241150,2,NA,NA,NA,NA,NA,NA,NA,NA,NA,NA,NA,NA
241220,1,0,0,0,1,0,0,1,0,0,0,0,0
250040,1,0,0,0,1,0,0,0,0,0,0,0,1
250077,1,0,0,0,1,0,0,1,0,0,0,0,0
250130,1,0,0,0,1,0,0,0,0,0,0,0,1
250150,1,0,0,0,1,0,0,0,0,0,0,0,1
250240,1,NA,NA,NA,NA,NA,0,1,0,0,0,0,0
250320,2,1,0,0,1,0,0,0,0,2,0,0,0
250400,8,2,0,0,6,0,0,0,0,1,0,0,7
250625,1,1,0,0,0,0,0,0,0,0,0,0,1
250750,4,0,0,0,4,0,0,0,1,2,0,0,1
250770,1,0,0,0,1,0,0,0,0,0,0,0,1
250830,1,0,0,0,1,0,0,0,0,0,0,0,1
250940,2,0,0,0,2,0,NA,NA,NA,NA,NA,NA,NA
250950,1,1,0,0,0,0,0,0,0,0,0,0,1
250970,1,0,0,0,1,0,0,0,0,0,0,0,1
251080,1,1,0,0,0,0,0,0,0,0,0,1,0
251110,1,1,0,0,0,0,0,0,1,0,0,0,0
251120,1,0,0,0,1,0,0,0,1,0,0,0,0
251370,1,0,0,0,1,0,1,0,0,0,0,0,0
251530,1,0,0,0,1,0,0,1,0,0,0,0,0
251690,1,0,0,0,1,0,0,0,1,0,0,0,0
260005,1,0,0,0,1,0,0,0,1,0,0,0,0
260080,1,0,0,0,1,0,0,1,0,0,0,0,0
260110,1,0,0,0,1,0,0,0,1,0,0,0,0
260120,2,1,0,0,1,0,1,0,0,0,0,1,0
260180,1,0,0,0,1,0,0,1,0,0,0,0,0
260200,1,0,0,0,1,0,0,1,0,0,0,0,0
260220,1,0,0,0,1,0,0,0,0,1,0,0,0
260290,2,0,0,0,2,0,0,0,0,2,0,0,0
260340,1,0,0,0,1,0,0,0,0,0,0,0,1
260345,1,0,0,0,1,0,0,0,0,1,0,0,0
260410,1,0,0,0,1,0,0,0,1,0,0,0,0
260420,1,1,0,0,0,0,0,0,1,0,0,0,0
260520,1,NA,NA,NA,NA,NA,0,0,0,1,0,0,0
260530,1,1,0,0,0,0,0,0,0,1,0,0,0
260540,1,1,0,0,0,0,0,1,0,0,0,0,0
260600,3,1,0,0,2,0,1,1,0,0,1,0,0
260640,2,1,0,0,1,0,0,1,1,0,0,0,0
260680,2,1,0,0,1,0,0,0,1,1,0,0,0
260700,1,0,0,0,1,0,0,0,1,0,0,0,0
260760,1,0,0,0,1,0,0,0,0,1,0,0,0
260765,1,1,0,0,0,0,0,0,1,0,0,0,0
260790,5,1,0,0,4,0,0,0,2,3,0,0,0
260830,1,0,0,0,1,0,0,0,0,0,0,0,1
260850,1,0,0,0,1,0,0,0,1,0,0,0,0
260860,1,0,0,0,1,0,0,0,0,1,0,0,0
260890,1,0,0,0,1,0,0,0,0,1,0,0,0
260915,1,0,0,0,1,0,1,0,0,0,0,0,0
260930,1,0,1,0,0,0,0,0,1,0,0,0,0
260940,1,1,0,0,0,0,0,0,0,1,0,0,0
260960,2,0,0,0,2,0,0,0,0,2,0,0,0
260970,1,0,0,0,1,0,0,1,0,0,0,0,0
261000,1,0,0,0,1,0,0,0,0,0,0,1,0
261060,1,0,0,0,1,0,0,1,0,0,0,0,0
261070,2,1,0,0,1,0,0,0,0,1,0,0,1
261110,7,NA,NA,NA,NA,NA,NA,NA,NA,NA,NA,NA,NA
261160,15,NA,NA,NA,NA,NA,1,3,4,7,0,0,0
261180,1,0,1,0,0,0,0,0,0,0,0,0,1
261230,1,0,0,0,1,0,0,1,0,0,0,0,0
261247,2,1,0,0,1,0,0,1,1,0,0,0,0
261300,1,0,0,0,1,0,0,0,0,1,0,0,0
261370,1,0,0,0,1,0,0,1,0,0,0,0,0
261380,1,1,0,0,0,0,0,1,0,0,0,0,0
261420,1,0,0,0,1,0,0,0,0,1,0,0,0
261500,1,0,0,0,1,0,0,0,0,1,0,0,0
261620,1,0,0,0,1,0,0,0,0,1,0,0,0
261630,1,1,0,0,0,0,0,0,0,1,0,0,0
261640,1,0,1,0,0,0,0,0,0,1,0,0,0
270030,3,NA,NA,NA,NA,NA,NA,NA,NA,NA,NA,NA,NA
270040,3,0,0,0,3,0,0,0,0,2,0,0,1
270135,1,0,1,0,0,0,0,0,1,0,0,0,0
270220,1,0,0,0,1,0,NA,NA,NA,NA,NA,NA,NA
270230,1,0,0,0,1,0,0,0,0,1,0,0,0
270280,1,0,0,0,1,0,NA,NA,NA,NA,NA,NA,NA
270400,1,0,0,0,1,0,0,0,1,0,0,0,0
270430,5,1,0,0,4,0,NA,NA,NA,NA,NA,NA,NA
270460,1,0,0,0,1,0,NA,NA,NA,NA,NA,NA,NA
270510,1,NA,NA,NA,NA,NA,0,0,0,0,0,0,1
270560,1,NA,NA,NA,NA,NA,0,0,0,0,0,0,1
270580,1,0,0,0,1,0,NA,NA,NA,NA,NA,NA,NA
270610,1,0,0,0,1,0,0,0,1,0,0,0,0
270642,1,0,0,0,0,1,0,0,0,1,0,0,0
270650,1,NA,NA,NA,NA,NA,0,0,0,1,0,0,0
270840,1,1,0,0,0,0,0,0,1,0,0,0,0
270920,2,0,0,0,2,0,NA,NA,NA,NA,NA,NA,NA
280030,4,0,1,0,3,0,0,1,0,1,1,1,0
280060,1,0,0,0,1,0,0,0,1,0,0,0,0
280067,1,0,0,0,1,0,0,0,0,1,0,0,0
280130,1,0,0,0,1,0,0,0,0,0,0,0,1
280150,1,0,0,0,1,0,0,0,0,0,0,1,0
280210,2,0,0,0,2,0,0,0,1,1,0,0,0
280290,2,0,1,0,1,0,0,0,1,0,0,1,0
280300,1,0,0,0,1,0,0,1,0,0,0,0,0
280350,1,0,1,0,0,0,0,0,1,0,0,0,0
280445,1,1,0,0,0,0,0,0,0,1,0,0,0
280460,1,1,0,0,0,0,0,1,0,0,0,0,0
280480,2,0,0,0,2,0,0,0,0,2,0,0,0
280510,1,1,0,0,0,0,0,0,0,1,0,0,0
280580,1,0,0,0,1,0,0,0,0,1,0,0,0
290020,1,0,0,0,1,0,NA,NA,NA,NA,NA,NA,NA
290070,1,0,0,1,0,0,0,0,1,0,0,0,0
290100,1,0,0,0,1,0,0,0,0,1,0,0,0
290200,1,0,0,0,1,0,0,0,1,0,0,0,0
290205,1,0,0,0,1,0,NA,NA,NA,NA,NA,NA,NA
290270,1,0,0,0,1,0,0,1,0,0,0,0,0
290300,1,0,1,0,0,0,0,0,1,0,0,0,0
290360,1,0,1,0,0,0,0,0,0,0,0,0,1
290390,1,0,0,0,1,0,0,0,0,0,0,0,1
290405,1,0,0,0,1,0,0,0,0,1,0,0,0
290450,1,0,0,0,1,0,0,0,0,1,0,0,0
290470,1,0,0,0,1,0,0,0,0,1,0,0,0
290530,1,0,0,0,1,0,0,0,0,0,0,0,1
290570,1,0,0,0,1,0,0,0,1,0,0,0,0
290600,2,1,1,0,0,0,NA,NA,NA,NA,NA,NA,NA
290620,1,NA,NA,NA,NA,NA,0,0,0,1,0,0,0
290650,2,0,0,0,2,0,0,0,1,1,0,0,0
290670,1,0,0,0,1,0,0,0,1,0,0,0,0
290720,1,0,1,0,0,0,0,0,0,0,0,0,1
290750,2,0,0,0,2,0,0,0,1,0,0,1,0
290800,1,0,0,0,1,0,0,0,0,1,0,0,0
290820,1,0,0,0,1,0,0,0,1,0,0,0,0
290850,1,0,1,0,0,0,0,0,0,0,1,0,0
290860,1,0,0,0,1,0,0,0,0,1,0,0,0
290930,1,0,0,0,1,0,0,1,0,0,0,0,0
290980,1,0,1,0,0,0,0,0,0,1,0,0,0
291030,1,0,0,0,1,0,NA,NA,NA,NA,NA,NA,NA
291072,1,0,0,0,1,0,0,1,0,0,0,0,0
291080,2,0,1,0,1,0,0,0,0,2,0,0,0
291110,1,0,0,0,1,0,0,0,1,0,0,0,0
291120,2,0,0,0,2,0,0,0,0,1,1,0,0
291300,1,0,0,0,1,0,0,1,0,0,0,0,0
291360,2,NA,NA,NA,NA,NA,NA,NA,NA,NA,NA,NA,NA
291380,1,1,0,0,0,0,0,0,0,0,0,0,1
291400,1,0,0,0,1,0,0,0,0,1,0,0,0
291460,2,0,0,0,2,0,0,2,0,0,0,0,0
291465,2,1,0,0,1,0,0,1,1,0,0,0,0
291470,1,0,0,0,1,0,0,1,0,0,0,0,0
291535,1,1,0,0,0,0,0,0,0,1,0,0,0
291560,1,1,0,0,0,0,0,0,0,0,0,1,0
291580,2,NA,NA,NA,NA,NA,NA,NA,NA,NA,NA,NA,NA
291590,1,NA,NA,NA,NA,NA,0,1,0,0,0,0,0
291610,1,0,0,0,1,0,0,0,0,1,0,0,0
291620,1,0,0,0,1,0,0,1,0,0,0,0,0
291680,1,NA,NA,NA,NA,NA,0,0,0,1,0,0,0
291760,2,NA,NA,NA,NA,NA,NA,NA,NA,NA,NA,NA,NA
291770,1,1,0,0,0,0,0,0,0,0,0,0,1
291800,1,1,0,0,0,0,0,0,0,0,0,1,0
291810,1,0,0,0,1,0,0,0,1,0,0,0,0
291830,1,0,1,0,0,0,0,0,0,1,0,0,0
291840,1,0,1,0,0,0,NA,NA,NA,NA,NA,NA,NA
291870,1,0,1,0,0,0,0,0,0,1,0,0,0
291915,1,0,1,0,0,0,0,1,0,0,0,0,0
291920,1,0,0,0,1,0,0,1,0,0,0,0,0
291955,3,1,1,0,1,0,NA,NA,NA,NA,NA,NA,NA
292070,1,0,0,0,1,0,0,0,0,1,0,0,0
292100,1,0,0,0,1,0,0,0,1,0,0,0,0
292170,1,0,0,0,1,0,0,0,0,1,0,0,0
292285,1,0,0,0,1,0,0,0,0,0,0,0,1
292330,1,0,0,0,1,0,0,0,1,0,0,0,0
292340,1,0,1,0,0,0,0,0,0,1,0,0,0
292400,2,0,0,0,2,0,0,0,0,0,0,0,2
292530,3,NA,NA,NA,NA,NA,0,1,0,0,0,0,2
292600,1,0,0,0,1,0,0,0,0,0,0,1,0
292620,1,0,0,0,1,0,0,0,0,0,0,0,1
292660,1,1,0,0,0,0,NA,NA,NA,NA,NA,NA,NA
292720,3,1,1,0,1,0,0,0,1,0,0,1,1
292740,17,NA,NA,NA,NA,NA,NA,NA,NA,NA,NA,NA,NA
292870,1,0,0,0,1,0,NA,NA,NA,NA,NA,NA,NA
292910,1,1,0,0,0,0,0,0,0,1,0,0,0
292940,1,0,1,0,0,0,0,0,0,1,0,0,0
292970,1,0,0,0,1,0,0,0,0,1,0,0,0
293010,1,1,0,0,0,0,0,0,0,1,0,0,0
293050,1,0,0,0,1,0,0,0,1,0,0,0,0
293070,1,0,0,0,1,0,0,0,0,1,0,0,0
293080,1,0,0,0,1,0,0,0,0,0,0,0,1
293110,1,0,0,0,1,0,0,0,0,1,0,0,0
293120,1,0,1,0,0,0,0,0,1,0,0,0,0
293130,1,0,0,0,1,0,0,0,0,0,0,0,1
293135,1,0,0,0,1,0,0,0,1,0,0,0,0
293190,1,0,0,0,1,0,NA,NA,NA,NA,NA,NA,NA
293305,1,0,0,0,1,0,0,0,0,1,0,0,0
293330,2,1,1,0,0,0,0,0,1,1,0,0,0
293340,1,0,0,0,1,0,0,0,0,1,0,0,0
310160,1,1,0,0,0,0,NA,NA,NA,NA,NA,NA,NA
310540,1,NA,NA,NA,NA,NA,NA,NA,NA,NA,NA,NA,NA
310560,1,1,0,0,0,0,0,0,0,1,0,0,0
310620,17,5,1,0,11,0,NA,NA,NA,NA,NA,NA,NA
310670,4,1,0,0,3,0,0,0,2,0,1,1,0
310710,1,0,0,0,1,0,NA,NA,NA,NA,NA,NA,NA
310740,2,2,0,0,0,0,0,0,1,1,0,0,0
310825,1,0,0,0,1,0,1,0,0,0,0,0,0
311000,2,1,0,0,1,0,NA,NA,NA,NA,NA,NA,NA
311060,1,0,1,0,0,0,0,0,1,0,0,0,0
311115,1,0,0,0,1,0,0,0,1,0,0,0,0
311280,1,1,0,0,0,0,0,0,1,0,0,0,0
311340,2,1,0,0,1,0,0,0,1,1,0,0,0
311370,1,0,0,0,1,0,0,0,0,1,0,0,0
311450,1,0,0,0,1,0,0,0,0,1,0,0,0
311530,3,2,1,0,0,0,NA,NA,NA,NA,NA,NA,NA
311610,1,0,1,0,0,0,0,0,0,0,0,1,0
311660,1,1,0,0,0,0,0,0,0,1,0,0,0
311730,1,0,0,0,1,0,0,0,1,0,0,0,0
311860,1,1,0,0,0,0,0,0,0,0,0,1,0
311900,1,1,0,0,0,0,0,0,0,1,0,0,0
311990,1,0,1,0,0,0,0,0,0,1,0,0,0
312000,1,0,0,1,0,0,0,0,0,1,0,0,0
312235,1,1,0,0,0,0,0,0,1,0,0,0,0
312490,1,1,0,0,0,0,0,0,0,0,0,1,0
312590,1,0,0,0,1,0,0,0,0,0,0,0,1
312695,1,0,0,0,1,0,0,1,0,0,0,0,0
312710,1,1,0,0,0,0,0,0,0,1,0,0,0
312770,5,0,0,0,5,0,0,1,1,3,0,0,0
312800,1,1,0,0,0,0,0,0,0,0,0,1,0
312870,1,1,0,0,0,0,0,0,0,1,0,0,0
312980,1,1,0,0,0,0,0,0,0,0,0,0,1
313130,1,0,0,0,1,0,0,0,0,1,0,0,0
313190,1,0,1,0,0,0,0,1,0,0,0,0,0
313220,1,1,0,0,0,0,0,0,0,1,0,0,0
313440,2,1,0,0,1,0,0,0,1,0,0,0,1
313580,1,0,0,0,1,0,0,0,0,1,0,0,0
313610,1,0,1,0,0,0,0,0,0,0,0,0,1
313620,1,0,0,0,1,0,0,0,0,1,0,0,0
313670,6,4,0,0,2,0,0,0,2,1,0,3,0
313720,1,1,0,0,0,0,0,0,0,1,0,0,0
313740,1,0,0,0,1,0,0,0,0,1,0,0,0
313780,1,1,0,0,0,0,0,0,0,0,0,0,1
313930,1,0,0,0,1,0,1,0,0,0,0,0,0
313940,1,0,0,0,1,0,0,0,1,0,0,0,0
314250,1,0,0,0,1,0,0,0,1,0,0,0,0
314330,3,0,0,0,3,0,0,1,1,1,0,0,0
314410,1,1,0,0,0,0,NA,NA,NA,NA,NA,NA,NA
314430,1,0,0,0,1,0,0,0,1,0,0,0,0
314480,1,0,0,0,1,0,0,0,0,1,0,0,0
314610,2,1,0,0,1,0,NA,NA,NA,NA,NA,NA,NA
314720,1,0,1,0,0,0,NA,NA,NA,NA,NA,NA,NA
314730,1,1,0,0,0,0,0,0,0,0,0,0,1
314790,1,0,1,0,0,0,0,0,0,1,0,0,0
314810,2,1,0,1,0,0,0,0,1,0,0,1,0
314995,1,0,0,0,1,0,0,0,0,1,0,0,0
315210,1,0,0,0,1,0,0,0,0,0,0,0,1
315240,1,0,0,0,1,0,0,0,1,0,0,0,0
315250,1,0,1,0,0,0,0,0,0,1,0,0,0
315670,1,0,0,0,1,0,0,0,1,0,0,0,0
315680,1,0,1,0,0,0,0,0,0,1,0,0,0
315750,1,0,0,0,1,0,0,0,0,1,0,0,0
315780,3,2,0,0,1,0,0,1,0,2,0,0,0
315800,1,0,0,0,1,0,0,0,0,1,0,0,0
315810,1,0,0,0,1,0,0,1,0,0,0,0,0
315830,1,1,0,0,0,0,0,0,1,0,0,0,0
315990,1,1,0,0,0,0,0,1,0,0,0,0,0
316040,1,0,1,0,0,0,0,0,1,0,0,0,0
316095,1,0,1,0,0,0,0,0,0,1,0,0,0
316110,1,1,0,0,0,0,0,0,0,1,0,0,0
316250,1,0,0,0,0,1,0,0,0,1,0,0,0
316280,1,1,0,0,0,0,0,0,0,1,0,0,0
316290,1,0,1,0,0,0,0,0,0,1,0,0,0
316720,2,1,0,0,1,0,0,0,2,0,0,0,0
316840,1,0,0,0,1,0,0,0,0,1,0,0,0
316920,1,0,0,0,1,0,0,0,0,0,0,0,1
316940,1,1,0,0,0,0,0,0,0,0,0,1,0
317000,1,0,0,0,1,0,0,0,0,1,0,0,0
317010,3,1,2,0,0,0,0,1,1,0,0,1,0
317020,1,0,1,0,0,0,0,0,0,0,0,0,1
317040,1,0,0,0,1,0,0,0,1,0,0,0,0
317050,1,0,0,0,1,0,0,0,1,0,0,0,0
317052,1,0,1,0,0,0,0,0,0,1,0,0,0
317070,2,0,1,0,1,0,0,0,0,2,0,0,0
317080,2,1,0,0,1,0,0,0,0,2,0,0,0
317103,1,0,1,0,0,0,0,0,0,0,0,0,1
317120,1,1,0,0,0,0,0,0,0,1,0,0,0
317190,1,0,0,0,1,0,0,0,1,0,0,0,0
317200,2,0,2,0,0,0,NA,NA,NA,NA,NA,NA,NA
320040,1,0,0,0,1,0,0,0,0,0,0,0,1
320060,1,1,0,0,0,0,0,0,0,0,0,0,1
320120,1,NA,NA,NA,NA,NA,NA,NA,NA,NA,NA,NA,NA
320130,4,1,1,0,2,0,0,0,1,1,0,1,1
320150,1,0,0,0,1,0,0,0,1,0,0,0,0
320230,1,0,0,0,1,0,0,0,0,1,0,0,0
320240,1,NA,NA,NA,NA,NA,0,0,0,0,0,0,1
320410,2,NA,NA,NA,NA,NA,0,1,0,0,0,0,1
320455,1,1,0,0,0,0,0,0,0,0,0,0,1
320460,1,0,0,0,1,0,0,0,1,0,0,0,0
320500,6,NA,NA,NA,NA,NA,0,0,0,5,0,0,1
320503,1,1,0,0,0,0,0,0,1,0,0,0,0
320510,2,0,1,0,1,0,0,0,0,1,0,0,1
320520,8,1,2,0,5,0,0,0,0,4,0,1,3
320530,1,0,0,0,1,0,0,0,0,1,0,0,0
330010,1,0,1,0,0,0,0,1,0,0,0,0,0
330020,1,1,0,0,0,0,0,1,0,0,0,0,0
330023,1,1,0,0,0,0,0,0,0,1,0,0,0
330040,1,0,0,0,1,0,0,0,1,0,0,0,0
330045,6,2,2,0,2,0,NA,NA,NA,NA,NA,NA,NA
330100,7,2,0,0,5,0,0,0,2,4,0,0,1
330110,1,1,0,0,0,0,0,0,1,0,0,0,0
330170,13,1,2,0,10,0,0,2,6,4,0,0,1
330190,3,0,0,0,3,0,0,0,1,2,0,0,0
330200,2,0,0,0,2,0,0,1,1,0,0,0,0
330227,1,1,0,0,0,0,0,0,0,1,0,0,0
330240,3,2,0,0,1,0,0,0,2,0,0,1,0
330245,1,0,1,0,0,0,0,0,0,1,0,0,0
330250,2,0,0,0,2,0,0,0,1,1,0,0,0
330270,2,1,1,0,0,0,NA,NA,NA,NA,NA,NA,NA
330285,1,0,0,0,1,0,0,0,0,0,0,0,1
330330,1,1,0,0,0,0,0,0,0,0,1,0,0
330350,12,2,4,0,6,0,0,1,5,4,0,2,0
330380,1,0,1,0,0,0,0,0,1,0,0,0,0
330385,1,0,0,0,1,0,0,0,1,0,0,0,0
330390,4,2,2,0,0,0,0,0,2,2,0,0,0
330414,3,0,0,0,3,0,0,1,1,0,0,0,1
330415,1,1,0,0,0,0,0,0,0,1,0,0,0
330420,1,0,1,0,0,0,0,0,1,0,0,0,0
330452,1,1,0,0,0,0,0,0,0,0,0,1,0
330455,50,11,13,0,26,0,2,4,19,19,0,6,0
330490,6,1,1,0,4,0,0,1,3,1,0,1,0
330510,2,0,2,0,0,0,0,0,1,1,0,0,0
330515,1,1,0,0,0,0,0,0,1,0,0,0,0
330520,1,1,0,0,0,0,0,0,0,0,0,0,1
330555,1,1,0,0,0,0,0,1,0,0,0,0,0
330575,1,NA,NA,NA,NA,NA,0,0,0,1,0,0,0
330580,2,0,1,0,1,0,0,0,0,1,0,0,1
330600,1,0,1,0,0,0,0,0,0,1,0,0,0
350030,1,0,0,0,1,0,0,0,1,0,0,0,0
350150,1,0,0,0,1,0,0,0,0,1,0,0,0
350290,1,1,0,0,0,0,0,0,0,0,0,0,1
350320,2,1,0,0,1,0,0,0,1,0,0,1,0
350330,1,0,0,0,1,0,0,0,0,0,0,0,1
350400,1,1,0,0,0,0,0,0,0,0,0,1,0
350560,1,0,0,0,1,0,0,0,1,0,0,0,0
350570,1,0,1,0,0,0,0,0,0,0,1,0,0
350600,7,5,0,0,2,0,0,0,4,3,0,0,0
350750,1,0,0,0,1,0,0,0,0,1,0,0,0
350760,1,1,0,0,0,0,0,0,0,1,0,0,0
350780,1,1,0,0,0,0,0,0,0,0,0,0,1
350850,1,1,0,0,0,0,0,0,0,1,0,0,0
350920,1,0,0,0,1,0,0,0,1,0,0,0,0
350950,5,3,0,0,2,0,0,1,1,2,0,1,0
351000,1,1,0,0,0,0,0,0,0,0,0,1,0
351015,1,0,0,0,1,0,0,0,0,1,0,0,0
351020,1,1,0,0,0,0,0,0,0,1,0,0,0
351060,8,5,1,0,2,0,0,0,3,4,0,1,0
351240,1,0,0,0,1,0,0,0,1,0,0,0,0
351280,1,1,0,0,0,0,0,0,0,0,0,0,1
351300,1,1,0,0,0,0,0,0,0,1,0,0,0
351310,1,1,0,0,0,0,0,0,0,1,0,0,0
351340,2,2,0,0,0,0,NA,NA,NA,NA,NA,NA,NA
351350,3,1,0,0,2,0,0,0,2,1,0,0,0
351380,4,2,0,0,2,0,0,0,0,4,0,0,0
351410,1,0,0,0,1,0,0,0,1,0,0,0,0
351500,3,0,0,0,3,0,0,0,3,0,0,0,0
351550,1,1,0,0,0,0,0,0,0,0,0,0,1
351570,4,2,1,0,1,0,1,0,1,2,0,0,0
351620,3,1,1,0,1,0,NA,NA,NA,NA,NA,NA,NA
351630,1,1,0,0,0,0,0,0,0,1,0,0,0
351640,2,1,0,0,1,0,NA,NA,NA,NA,NA,NA,NA
351660,1,0,0,0,1,0,0,0,0,1,0,0,0
351670,1,0,0,0,1,0,0,0,1,0,0,0,0
351760,2,1,0,0,1,0,0,1,0,1,0,0,0
351770,1,1,0,0,0,0,0,0,0,0,0,1,0
351860,1,0,0,0,1,0,0,1,0,0,0,0,0
351870,1,1,0,0,0,0,0,0,0,1,0,0,0
351880,12,7,1,0,4,0,NA,NA,NA,NA,NA,NA,NA
351900,1,1,0,0,0,0,0,0,1,0,0,0,0
351907,1,0,1,0,0,0,0,0,0,0,0,0,1
352050,2,1,0,0,1,0,0,0,1,1,0,0,0
352170,1,0,0,0,1,0,0,0,0,1,0,0,0
352210,2,1,0,0,1,0,0,0,0,2,0,0,0
352240,1,0,0,0,1,0,0,0,1,0,0,0,0
352250,4,1,0,0,3,0,0,0,1,3,0,0,0
352260,1,1,0,0,0,0,0,0,0,1,0,0,0
352310,2,1,1,0,0,0,0,0,1,1,0,0,0
352400,2,1,1,0,0,0,NA,NA,NA,NA,NA,NA,NA
352440,1,1,0,0,0,0,NA,NA,NA,NA,NA,NA,NA
352480,1,1,0,0,0,0,0,0,0,1,0,0,0
352500,1,1,0,0,0,0,0,0,0,0,1,0,0
352510,1,1,0,0,0,0,0,0,0,0,0,1,0
352670,1,0,1,0,0,0,0,0,0,0,1,0,0
352680,1,1,0,0,0,0,0,0,0,0,0,1,0
352690,2,2,0,0,0,0,NA,NA,NA,NA,NA,NA,NA
352720,1,0,1,0,0,0,0,1,0,0,0,0,0
352730,1,0,0,0,1,0,0,0,1,0,0,0,0
352850,2,0,0,0,2,0,NA,NA,NA,NA,NA,NA,NA
352900,1,1,0,0,0,0,0,0,0,1,0,0,0
352920,1,1,0,0,0,0,0,0,0,0,0,1,0
352940,3,2,1,0,0,0,0,1,1,0,0,1,0
352980,1,1,0,0,0,0,0,0,0,1,0,0,0
353030,2,2,0,0,0,0,0,0,0,1,0,0,1
353060,6,2,2,0,2,0,0,0,3,2,0,1,0
353140,1,0,0,0,1,0,0,0,0,0,0,0,1
353180,1,1,0,0,0,0,0,0,0,0,0,0,1
353190,1,0,0,0,1,0,0,0,1,0,0,0,0
353250,1,0,0,0,1,0,0,0,0,0,0,0,1
353282,1,1,0,0,0,0,0,0,0,1,0,0,0
353340,1,0,0,0,1,0,0,0,0,1,0,0,0
353440,8,NA,NA,NA,NA,NA,0,1,0,5,1,1,0
353470,1,0,0,0,1,0,0,0,0,0,0,0,1
353550,1,0,0,0,1,0,0,0,0,0,0,1,0
353640,1,1,0,0,0,0,0,0,1,0,0,0,0
353760,1,1,0,0,0,0,0,0,0,1,0,0,0
353780,1,0,0,0,1,0,0,0,1,0,0,0,0
353800,2,2,0,0,0,0,0,0,0,2,0,0,0
353870,3,3,0,0,0,0,0,0,2,1,0,0,0
353920,1,0,0,0,1,0,0,0,0,0,0,0,1
353950,1,0,0,0,1,0,0,0,1,0,0,0,0
354060,1,0,0,0,1,0,0,0,1,0,0,0,0
354100,4,2,0,0,2,0,0,0,2,2,0,0,0
354130,1,0,0,0,1,0,0,0,0,0,0,0,1
354140,1,0,0,0,1,0,0,0,0,0,0,0,1
354260,1,0,0,0,1,0,0,0,0,0,0,1,0
354340,5,4,0,0,1,0,0,0,0,1,0,0,4
354350,1,1,0,0,0,0,0,0,0,1,0,0,0
354380,1,0,0,0,1,0,0,0,0,1,0,0,0
354390,1,1,0,0,0,0,0,0,0,1,0,0,0
354400,1,0,0,0,1,0,0,0,1,0,0,0,0
354500,1,1,0,0,0,0,0,0,0,1,0,0,0
354520,4,4,0,0,0,0,0,0,3,0,0,0,1
354530,1,1,0,0,0,0,0,0,0,0,1,0,0
354580,1,0,0,0,1,0,NA,NA,NA,NA,NA,NA,NA
354750,1,1,0,0,0,0,0,0,0,1,0,0,0
354780,2,2,0,0,0,0,0,0,0,1,0,0,1
354850,2,1,0,0,1,0,NA,NA,NA,NA,NA,NA,NA
354860,1,1,0,0,0,0,0,0,0,1,0,0,0
354870,4,4,0,0,0,0,0,0,0,4,0,0,0
354880,1,1,0,0,0,0,0,0,0,1,0,0,0
354890,2,NA,NA,NA,NA,NA,0,0,0,0,1,0,1
354970,2,1,0,1,0,0,0,0,0,1,0,1,0
354980,2,2,0,0,0,0,0,0,0,0,0,2,0
354990,1,1,0,0,0,0,NA,NA,NA,NA,NA,NA,NA
355000,1,1,0,0,0,0,0,0,0,1,0,0,0
355030,80,NA,NA,NA,NA,NA,NA,NA,NA,NA,NA,NA,NA
355060,1,1,0,0,0,0,NA,NA,NA,NA,NA,NA,NA
355100,2,1,0,0,1,0,0,0,0,1,0,1,0
355170,1,1,0,0,0,0,0,0,0,0,0,0,1
355220,5,5,0,0,0,0,0,1,0,1,0,2,1
355240,2,1,0,0,1,0,0,0,1,0,0,0,1
355250,6,4,1,0,1,0,NA,NA,NA,NA,NA,NA,NA
355280,2,1,0,0,1,0,0,0,1,1,0,0,0
355300,1,1,0,0,0,0,0,0,0,1,0,0,0
355400,2,1,1,0,0,0,0,0,0,0,0,0,2
355410,1,1,0,0,0,0,0,0,0,1,0,0,0
355480,1,0,1,0,0,0,0,0,1,0,0,0,0
355500,1,1,0,0,0,0,0,0,0,1,0,0,0
355630,1,1,0,0,0,0,0,0,0,1,0,0,0
355640,1,0,1,0,0,0,0,1,0,0,0,0,0
410040,1,1,0,0,0,0,0,0,0,0,1,0,0
410090,1,0,0,0,1,0,0,0,0,1,0,0,0
410105,1,1,0,0,0,0,0,0,0,1,0,0,0
410110,1,0,0,0,1,0,0,0,0,1,0,0,0
410140,1,1,0,0,0,0,0,0,0,1,0,0,0
410180,1,1,0,0,0,0,0,0,1,0,0,0,0
410210,1,1,0,0,0,0,0,0,0,1,0,0,0
410370,1,1,0,0,0,0,0,0,0,1,0,0,0
410410,1,1,0,0,0,0,0,1,0,0,0,0,0
410430,1,1,0,0,0,0,0,0,0,1,0,0,0
410465,1,1,0,0,0,0,0,0,0,1,0,0,0
410550,3,1,0,0,2,0,0,0,1,2,0,0,0
410580,1,1,0,0,0,0,0,0,0,0,0,1,0
410620,1,1,0,0,0,0,0,0,1,0,0,0,0
410630,1,1,0,0,0,0,0,0,0,1,0,0,0
410690,3,1,1,1,0,0,0,1,1,0,1,0,0
410700,1,0,0,0,1,0,0,0,0,0,0,0,1
410715,1,1,0,0,0,0,0,0,0,1,0,0,0
410760,1,0,0,0,1,0,0,0,1,0,0,0,0
410765,1,1,0,0,0,0,0,0,1,0,0,0,0
410830,2,2,0,0,0,0,0,0,1,1,0,0,0
410840,1,1,0,0,0,0,0,0,1,0,0,0,0
410940,3,2,0,0,1,0,0,0,1,2,0,0,0
411330,1,0,0,0,0,1,1,0,0,0,0,0,0
411370,2,1,0,1,0,0,0,0,0,2,0,0,0
411520,3,1,1,0,1,0,0,0,1,2,0,0,0
411760,2,2,0,0,0,0,0,1,0,0,0,1,0
411790,1,1,0,0,0,0,0,0,1,0,0,0,0
411850,1,0,1,0,0,0,0,1,0,0,0,0,0
411880,1,0,0,0,1,0,0,1,0,0,0,0,0
411915,1,0,1,0,0,0,0,0,0,1,0,0,0
411950,4,NA,NA,NA,NA,NA,0,0,1,3,0,0,0
411990,3,2,1,0,0,0,0,1,2,0,0,0,0
411995,1,1,0,0,0,0,0,0,0,1,0,0,0
412000,1,0,0,0,1,0,0,0,0,1,0,0,0
412170,1,1,0,0,0,0,0,0,0,1,0,0,0
412410,1,1,0,0,0,0,0,0,0,0,0,1,0
412550,2,2,0,0,0,0,0,1,0,1,0,0,0
412627,1,1,0,0,0,0,0,0,0,1,0,0,0
412720,1,0,0,0,1,0,0,0,0,1,0,0,0
412740,1,0,0,1,0,0,0,0,0,1,0,0,0
412750,1,0,0,0,1,0,0,0,1,0,0,0,0
412810,1,0,0,0,1,0,0,0,1,0,0,0,0
420010,1,1,0,0,0,0,0,0,1,0,0,0,0
420090,1,1,0,0,0,0,0,0,0,1,0,0,0
420140,2,1,0,0,1,0,0,0,1,1,0,0,0
420200,1,0,1,0,0,0,0,0,0,1,0,0,0
420240,3,3,0,0,0,0,0,0,1,2,0,0,0
420245,1,1,0,0,0,0,0,0,0,0,0,1,0
420320,2,1,0,0,1,0,0,0,1,1,0,0,0
420420,2,2,0,0,0,0,0,0,0,2,0,0,0
420590,1,1,0,0,0,0,0,0,0,1,0,0,0
420820,3,2,1,0,0,0,0,1,1,1,0,0,0
420910,3,2,1,0,0,0,0,1,1,1,0,0,0
420930,2,2,0,0,0,0,0,0,0,2,0,0,0
421050,1,1,0,0,0,0,0,0,0,1,0,0,0
421125,1,NA,NA,NA,NA,NA,NA,NA,NA,NA,NA,NA,NA
421190,2,1,0,0,1,0,0,0,0,2,0,0,0
421250,1,1,0,0,0,0,0,0,0,1,0,0,0
421310,1,1,0,0,0,0,0,0,1,0,0,0,0
421320,1,1,0,0,0,0,0,0,0,0,0,1,0
421380,1,1,0,0,0,0,0,1,0,0,0,0,0
421660,3,2,1,0,0,0,NA,NA,NA,NA,NA,NA,NA
421950,1,1,0,0,0,0,0,0,0,0,0,1,0
421970,1,1,0,0,0,0,0,0,0,1,0,0,0
430060,1,1,0,0,0,0,0,0,0,1,0,0,0
430160,2,0,2,0,0,0,NA,NA,NA,NA,NA,NA,NA
430190,1,1,0,0,0,0,NA,NA,NA,NA,NA,NA,NA
430210,1,0,1,0,0,0,0,0,0,0,0,1,0
430222,1,1,0,0,0,0,0,0,0,0,0,0,1
430240,1,1,0,0,0,0,0,0,0,1,0,0,0
430420,1,0,0,0,1,0,0,0,1,0,0,0,0
430435,1,1,0,0,0,0,0,0,1,0,0,0,0
430450,1,1,0,0,0,0,0,0,1,0,0,0,0
430460,1,1,0,0,0,0,NA,NA,NA,NA,NA,NA,NA
430510,1,1,0,0,0,0,0,0,0,0,0,0,1
430520,1,1,0,0,0,0,0,0,1,0,0,0,0
430760,1,1,0,0,0,0,0,0,0,1,0,0,0
430770,1,1,0,0,0,0,0,0,0,0,0,1,0
431125,1,0,0,0,1,0,0,0,0,0,0,0,1
431162,1,1,0,0,0,0,0,0,0,0,0,1,0
431350,1,1,0,0,0,0,0,0,0,0,0,1,0
431390,1,1,0,0,0,0,0,0,0,1,0,0,0
431440,2,1,0,0,1,0,0,0,1,0,0,0,1
431490,6,3,2,0,1,0,0,0,1,2,1,0,2
431560,1,1,0,0,0,0,0,0,0,1,0,0,0
431600,1,1,0,0,0,0,0,0,0,1,0,0,0
431610,1,0,0,0,0,1,NA,NA,NA,NA,NA,NA,NA
431640,1,1,0,0,0,0,0,0,0,0,0,0,1
431680,2,1,1,0,0,0,0,0,2,0,0,0,0
431710,1,1,0,0,0,0,0,1,0,0,0,0,0
431740,1,1,0,0,0,0,0,0,1,0,0,0,0
431842,1,1,0,0,0,0,0,0,0,0,0,0,1
431880,1,1,0,0,0,0,0,0,1,0,0,0,0
431890,1,0,0,0,1,0,0,1,0,0,0,0,0
431950,1,0,1,0,0,0,NA,NA,NA,NA,NA,NA,NA
432026,1,1,0,0,0,0,0,0,1,0,0,0,0
432035,1,1,0,0,0,0,0,0,0,1,0,0,0
432040,1,1,0,0,0,0,0,0,0,1,0,0,0
432090,1,1,0,0,0,0,0,0,0,1,0,0,0
432100,1,1,0,0,0,0,0,0,0,0,0,1,0
432110,1,0,0,0,1,0,0,0,1,0,0,0,0
432120,1,1,0,0,0,0,0,0,1,0,0,0,0
432160,2,1,1,0,0,0,0,0,2,0,0,0,0
432240,1,0,0,0,1,0,0,0,0,1,0,0,0
432250,1,1,0,0,0,0,NA,NA,NA,NA,NA,NA,NA
432345,1,0,0,1,0,0,0,1,0,0,0,0,0
500070,1,0,0,0,1,0,0,0,0,1,0,0,0
500090,1,0,0,0,1,0,1,0,0,0,0,0,0
500110,1,1,0,0,0,0,0,0,0,1,0,0,0
500150,1,NA,NA,NA,NA,NA,0,0,0,1,0,0,0
500190,1,0,0,0,1,0,0,0,0,1,0,0,0
500270,7,0,0,0,6,1,0,2,2,3,0,0,0
500320,3,0,0,0,3,0,0,0,2,1,0,0,0
500330,1,0,0,0,1,0,0,0,1,0,0,0,0
500348,1,0,0,0,1,0,0,0,1,0,0,0,0
500370,2,1,0,0,1,0,0,0,1,0,0,1,0
500500,1,0,0,0,1,0,0,0,1,0,0,0,0
500580,1,0,0,0,1,0,0,0,1,0,0,0,0
500600,1,0,0,0,1,0,0,0,1,0,0,0,0
500660,1,1,0,0,0,0,0,0,0,1,0,0,0
500730,1,0,0,0,1,0,0,0,1,0,0,0,0
500790,1,0,0,0,1,0,0,0,1,0,0,0,0
500795,1,0,0,0,1,0,0,0,1,0,0,0,0
500830,3,1,0,0,2,0,0,0,1,0,1,1,0
510020,1,0,0,0,1,0,0,0,0,0,0,0,1
510025,1,0,0,0,1,0,0,0,1,0,0,0,0
510040,1,0,0,0,1,0,0,0,1,0,0,0,0
510130,1,0,0,0,1,0,0,0,0,1,0,0,0
510160,1,0,0,0,1,0,0,0,0,1,0,0,0
510250,1,0,0,0,1,0,0,1,0,0,0,0,0
510260,1,0,0,0,0,1,0,0,0,0,0,0,1
510268,1,0,0,0,1,0,0,0,1,0,0,0,0
510270,1,0,0,0,0,1,NA,NA,NA,NA,NA,NA,NA
510330,1,0,0,0,0,1,0,0,0,1,0,0,0
510340,3,1,1,0,1,0,0,0,0,1,2,0,0
510454,1,0,0,0,1,0,0,0,0,1,0,0,0
510550,1,0,0,0,1,0,0,0,0,1,0,0,0
510562,1,0,0,0,1,0,0,0,1,0,0,0,0
510590,2,1,0,0,1,0,0,0,1,1,0,0,0
510624,1,0,0,0,1,0,0,0,0,1,0,0,0
510704,1,0,0,0,1,0,0,0,0,1,0,0,0
510710,1,0,0,0,1,0,0,0,1,0,0,0,0
510760,5,1,0,0,3,1,0,0,2,1,1,1,0
510790,2,1,0,0,1,0,0,0,0,2,0,0,0
510795,2,0,0,0,1,1,0,0,2,0,0,0,0
510805,1,0,0,0,1,0,0,0,0,1,0,0,0
510835,1,0,0,0,1,0,0,0,1,0,0,0,0
510840,2,0,0,0,2,0,0,1,1,0,0,0,0
520025,4,1,2,0,1,0,0,0,2,0,0,1,1
520110,8,0,0,0,8,0,NA,NA,NA,NA,NA,NA,NA
520140,5,1,0,0,4,0,0,0,2,2,0,0,1
520320,1,0,0,0,1,0,0,0,1,0,0,0,0
520330,1,1,0,0,0,0,0,0,0,1,0,0,0
520350,1,0,1,0,0,0,NA,NA,NA,NA,NA,NA,NA
520490,1,0,1,0,0,0,0,0,1,0,0,0,0
520540,1,0,1,0,0,0,0,0,0,1,0,0,0
520620,1,0,0,0,1,0,0,0,0,0,0,0,1
520640,1,1,0,0,0,0,0,1,0,0,0,0,0
520740,1,0,0,0,1,0,0,0,0,1,0,0,0
520870,13,NA,NA,NA,NA,NA,NA,NA,NA,NA,NA,NA,NA
520910,1,0,0,0,1,0,0,0,0,1,0,0,0
520960,1,0,0,0,1,0,0,0,0,1,0,0,0
520970,1,0,0,0,1,0,0,0,0,1,0,0,0
520995,1,0,0,0,1,0,0,1,0,0,0,0,0
521180,2,1,0,0,1,0,0,0,0,1,1,0,0
521190,2,1,1,0,0,0,0,0,0,1,0,1,0
521250,4,3,1,0,0,0,0,1,2,0,1,0,0
521310,1,0,0,0,1,0,NA,NA,NA,NA,NA,NA,NA
521380,1,1,0,0,0,0,0,0,0,1,0,0,0
521523,1,0,1,0,0,0,0,0,1,0,0,0,0
521830,1,0,0,0,1,0,0,0,0,1,0,0,0
521860,1,1,0,0,0,0,NA,NA,NA,NA,NA,NA,NA
521880,2,0,0,0,2,0,0,0,1,1,0,0,0
521930,1,0,0,0,1,0,0,0,0,1,0,0,0
522010,1,0,0,0,1,0,0,0,0,0,1,0,0
522045,1,0,0,0,1,0,0,0,0,0,0,0,1
522070,1,0,0,0,1,0,0,0,0,0,1,0,0
522160,2,0,1,0,1,0,0,0,0,2,0,0,0
522185,1,1,0,0,0,0,0,0,0,1,0,0,0
530010,24,10,2,0,12,0,0,3,1,11,1,8,0
